time,x,y,z,temp,pos_x,pos_y,pos_z,disp_x,disp_y,disp_z,vel_x,vel_y,vel_z,ang_vel_x,ang_vel_y,ang_vel_z,kinetic_e,yielded,strain_x,strain_y,strain_z,pressure,bond_stress,fail_stress,safety_factor,volume,cte,t
0.002468,5,5,15,25.000000,0.005500,0.005500,0.015470,0.000000,0.000000,-0.000030,-0.000000,-0.000000,-0.023827,0.000000,0.000000,0.000000,0.000000,false,0.000000,0.000000,0.000000,-inf,0.000000,0.000000,0.000000,0.0000000010000000,0.000000,0.000000
0.004935,5,5,15,25.000000,0.005500,0.005500,0.015383,0.000000,0.000000,-0.000117,-0.000000,-0.000000,-0.046908,0.000000,0.000000,0.000000,0.000000,false,0.000000,0.000000,0.000000,-inf,0.000000,0.000000,0.000000,0.0000000010000000,0.000000,0.000000
0.007403,5,5,15,25.000000,0.005500,0.005500,0.015239,0.000000,0.000000,-0.000261,-0.000000,-0.000000,-0.069265,0.000000,0.000000,0.000000,0.000000,false,0.000000,0.000000,0.000000,-inf,0.000000,0.000000,0.000000,0.0000000010000000,0.000000,0.000000
0.009871,5,5,15,25.000000,0.005500,0.005500,0.015042,0.000000,0.000000,-0.000458,-0.000000,-0.000000,-0.090922,0.000000,0.000000,0.000000,0.000000,false,0.000000,0.000000,0.000000,-inf,0.000000,0.000000,0.000000,0.0000000010000000,0.000000,0.000000
0.012338,5,5,15,25.000000,0.005500,0.005500,0.014791,0.000000,0.000000,-0.000709,-0.000000,-0.000000,-0.111901,0.000000,0.000000,0.000000,0.000000,false,0.000000,0.000000,0.000000,-inf,0.000000,0.000000,0.000000,0.0000000010000000,0.000000,0.000000
0.014806,5,5,15,25.000000,0.005500,0.005500,0.014490,0.000000,0.000000,-0.001010,-0.000000,-0.000000,-0.132222,0.000000,0.000000,0.000000,0.000000,false,0.000000,0.000000,0.000000,-inf,-0.000000,0.000000,0.000000,0.0000000010000000,0.000000,0.000000
0.017274,5,5,15,25.000000,0.005500,0.005500,0.014139,0.000000,0.000000,-0.001361,-0.000000,-0.000000,-0.151906,0.000000,0.000000,0.000000,0.000000,false,0.000000,0.000000,0.000000,-inf,-0.000000,0.000000,0.000000,0.0000000010000000,0.000000,0.000000
0.019741,5,5,15,25.000000,0.005500,0.005500,0.013741,0.000000,0.000000,-0.001759,-0.000000,-0.000000,-0.170974,0.000000,0.000000,0.000000,0.000000,false,0.000000,0.000000,0.000000,-inf,0.000000,0.000000,0.000000,0.0000000010000000,0.000000,0.000000
0.022209,5,5,15,25.000000,0.005500,0.005500,0.013296,0.000000,0.000000,-0.002204,-0.000000,-0.000000,-0.189445,0.000000,0.000000,0.000000,0.000000,false,0.000000,0.000000,0.000000,-inf,-0.000000,0.000000,0.000000,0.0000000010000000,0.000000,0.000000
0.024677,5,5,15,25.000000,0.005499,0.005500,0.013059,-0.000001,0.000000,-0.002441,-0.001549,0.000115,0.152595,0.244613,30.453948,-0.013284,0.000000,false,0.000352,0.000304,0.000065,-inf,-0.042276,0.000000,0.000000,0.0000000010007215,0.000000,0.000000
0.027144,5,5,15,25.000000,0.005496,0.005500,0.013400,-0.000004,0.000000,-0.002100,-0.001421,0.000113,0.123894,0.230789,28.781136,-0.012490,0.000000,false,0.000352,0.000304,0.000065,-inf,2.119286,0.000000,0.000000,0.0000000010007215,0.000000,0.000000
0.029612,5,5,15,25.000000,0.005492,0.005501,0.013671,-0.000008,0.000001,-0.001829,-0.001377,0.000110,0.096182,0.218082,27.196696,-0.011754,0.000000,false,0.000352,0.000304,0.000065,-inf,1.894552,0.000000,0.000000,0.0000000010007215,0.000000,0.000000
0.032080,5,5,15,25.000000,0.005489,0.005501,0.013875,-0.000011,0.000001,-0.001625,-0.001334,0.000106,0.069347,0.206057,25.699070,-0.011229,0.000000,false,0.000352,0.000304,0.000065,-inf,1.691610,0.000000,0.000000,0.0000000010007215,0.000000,0.000000
0.034548,5,5,15,25.000000,0.005486,0.005501,0.014014,-0.000014,0.000001,-0.001486,-0.001292,0.000103,0.043345,0.194957,24.280515,-0.010554,0.000000,false,0.000352,0.000304,0.000065,-inf,1.509614,0.000000,0.000000,0.0000000010007215,0.000000,0.000000
0.037015,5,5,15,25.000000,0.005482,0.005501,0.014090,-0.000018,0.000001,-0.001410,-0.001252,0.000100,0.018160,0.184179,22.948677,-0.009920,0.000000,false,0.000352,0.000304,0.000065,-inf,1.348114,0.000000,0.000000,0.0000000010007215,0.000000,0.000000
0.039483,5,5,15,25.000000,0.005479,0.005502,0.014104,-0.000021,0.000002,-0.001396,-0.001212,0.000097,-0.006234,0.173941,21.689643,-0.009500,0.000000,false,0.000352,0.000304,0.000065,-inf,1.203785,0.000000,0.000000,0.0000000010007215,0.000000,0.000000
0.041951,5,5,15,25.000000,0.005476,0.005502,0.014059,-0.000024,0.000002,-0.001441,-0.001173,0.000094,-0.029869,0.164406,20.494196,-0.008692,0.000000,false,0.000352,0.000304,0.000065,-inf,1.077419,0.000000,0.000000,0.0000000010007215,0.000000,0.000000
0.044418,5,5,15,25.000000,0.005474,0.005502,0.013957,-0.000026,0.000002,-0.001543,-0.001137,0.000089,-0.052761,0.155141,19.366538,-0.008415,0.000000,false,0.000352,0.000304,0.000065,-inf,0.959372,0.000000,0.000000,0.0000000010007215,0.000000,0.000000
0.046886,5,5,15,25.000000,0.005471,0.005502,0.013799,-0.000029,0.000002,-0.001701,-0.001103,0.000088,-0.074933,0.146916,18.302553,-0.007767,0.000000,false,0.000352,0.000304,0.000065,-inf,0.855925,0.000000,0.000000,0.0000000010007215,0.000000,0.000000
0.049354,5,5,15,25.000000,0.005468,0.005503,0.013588,-0.000032,0.000003,-0.001912,-0.001068,0.000085,-0.096412,0.138698,17.295234,-0.008790,0.000000,false,0.000352,0.000304,0.000065,-inf,0.758589,0.000000,0.000000,0.0000000010007215,0.000000,0.000000
0.051821,5,5,15,25.000000,0.005466,0.005503,0.013324,-0.000034,0.000003,-0.002176,-0.001033,0.000083,-0.117218,0.131108,16.343512,-0.007520,0.000000,false,0.000352,0.000304,0.000065,-inf,0.684577,0.000000,0.000000,0.0000000010007215,0.000000,0.000000
0.054289,5,5,15,25.000000,0.005463,0.005503,0.013010,-0.000037,0.000003,-0.002490,-0.001003,0.000080,-0.137373,0.123465,15.443779,-0.006687,0.000000,false,0.000352,0.000304,0.000065,-inf,0.606405,0.000000,0.000000,0.0000000010007215,0.000000,0.000000
0.056757,5,5,15,25.000000,0.005428,0.005507,0.012928,-0.000072,0.000007,-0.002572,-0.018646,0.002098,-0.004136,-6.176998,58.612932,-1.350391,0.000000,false,0.000352,0.000304,0.000065,-inf,8.899435,0.000000,0.000000,0.0000000010007215,0.000000,0.000000
0.059224,5,5,15,25.000000,0.005533,0.005510,0.012968,0.000033,0.000010,-0.002532,0.097867,0.000301,0.034023,-5.125928,13.231800,-4.122857,0.000000,false,0.000352,0.000304,0.000065,-inf,0.557811,0.000000,0.000000,0.0000000010007215,0.000000,0.000000
0.061692,5,5,15,25.000000,0.005770,0.005510,0.013021,0.000270,0.000010,-0.002479,0.094799,0.000288,0.009132,-4.845674,12.503909,-3.895256,0.000000,false,0.000352,0.000304,0.000065,-inf,0.499013,0.000000,0.000000,0.0000000010007215,0.000000,0.000000
0.064160,5,5,15,25.000000,0.006001,0.005511,0.013014,0.000501,0.000011,-0.002486,0.091831,0.000282,-0.014981,-4.577532,11.815251,-3.680970,0.000000,false,0.000352,0.000304,0.000065,-inf,0.448163,0.000000,0.000000,0.0000000010007215,0.000000,0.000000
0.066627,5,5,15,25.000000,0.006224,0.005512,0.012948,0.000724,0.000012,-0.002552,0.088952,0.000273,-0.038339,-4.326772,11.164584,-3.478633,0.000000,false,0.000352,0.000304,0.000065,-inf,0.396700,0.000000,0.000000,0.0000000010007215,0.000000,0.000000
0.069095,5,5,15,25.000000,0.006440,0.005512,0.012825,0.000940,0.000012,-0.002675,0.087803,-0.000863,-0.055076,-2.423219,10.170097,-3.825827,0.000000,false,0.000352,0.000304,0.000065,-inf,-74.585031,0.000000,0.000000,0.0000000010007215,0.000000,0.000000
0.071563,5,5,15,25.000000,0.006687,0.005499,0.012769,0.001187,-0.000001,-0.002731,0.100473,-0.005887,-0.029086,11.779736,5.857492,-8.524955,0.000000,false,0.000352,0.000304,0.000065,-inf,0.629439,0.000000,0.000000,0.0000000010007215,0.000000,0.000000
0.074030,5,5,15,25.000000,0.006931,0.005485,0.012669,0.001431,-0.000015,-0.002831,0.097324,-0.005701,-0.052003,11.129864,5.533799,-8.054822,0.000000,false,0.000352,0.000304,0.000065,-inf,0.561652,0.000000,0.000000,0.0000000010007215,0.000000,0.000000
0.076498,5,5,15,25.000000,0.007177,0.005472,0.012531,0.001677,-0.000028,-0.002969,0.120796,-0.005043,-0.028639,-5.690275,-0.648952,1.858246,0.000000,false,0.000352,0.000304,0.000065,-inf,-53.160209,0.000000,0.000000,0.0000000010007215,0.000000,0.000000
0.078966,5,5,15,25.000000,0.007470,0.005464,0.012433,0.001970,-0.000036,-0.003067,0.116625,-0.003282,-0.051109,-5.445028,-0.638612,1.796841,0.000000,false,0.000352,0.000304,0.000065,-inf,0.085477,0.000000,0.000000,0.0000000010007215,0.000000,0.000000
0.081433,5,5,15,25.000000,0.007759,0.005462,0.012365,0.002259,-0.000038,-0.003135,0.116738,0.000854,-0.017928,9.175682,19.163540,-0.717303,0.000000,false,0.000352,0.000304,0.000065,-inf,1.159745,0.000000,0.000000,0.0000000010007215,0.000000,0.000000
0.083901,5,5,15,25.000000,0.008042,0.005464,0.012292,0.002542,-0.000036,-0.003208,0.113075,0.000826,-0.041195,8.673136,18.111279,-0.676871,0.000000,false,0.000352,0.000304,0.000065,-inf,1.036642,0.000000,0.000000,0.0000000010007215,0.000000,0.000000
0.086369,5,5,15,25.000000,0.008317,0.005466,0.012168,0.002817,-0.000034,-0.003332,0.109332,0.002056,-0.021973,1.123416,15.667184,-0.593834,0.000000,false,0.000352,0.000304,0.000075,-inf,-172.203901,0.000000,0.000000,0.0000000010007310,0.000000,0.000000
0.088836,5,5,15,25.000000,0.008584,0.005474,0.012269,0.003084,-0.000026,-0.003231,0.106626,0.003292,0.035114,-12.550325,11.621795,-0.415891,0.000000,false,0.000352,0.000304,0.000086,-inf,0.746023,0.000000,0.000000,0.0000000010007423,0.000000,0.000000
0.091304,5,5,15,25.000000,0.008843,0.005482,0.012325,0.003343,-0.000018,-0.003175,0.103286,0.003190,0.010184,-11.862592,10.983717,-0.394752,0.000000,false,0.000352,0.000304,0.000086,-inf,0.669168,0.000000,0.000000,0.0000000010007423,0.000000,0.000000
0.093772,5,5,15,25.000000,0.009094,0.005490,0.012320,0.003594,-0.000010,-0.003180,0.100049,0.003091,-0.013963,-11.208859,10.378976,-0.372475,0.000000,false,0.000352,0.000304,0.000086,-inf,0.598499,0.000000,0.000000,0.0000000010007423,0.000000,0.000000
0.096240,5,5,15,25.000000,0.009337,0.005497,0.012256,0.003837,-0.000003,-0.003244,0.096914,0.002994,-0.037352,-10.591024,9.806678,-0.351913,0.000000,false,0.000352,0.000304,0.000086,-inf,0.533198,0.000000,0.000000,0.0000000010007423,0.000000,0.000000
0.098707,5,5,15,25.000000,0.009572,0.005505,0.012136,0.004072,0.000005,-0.003364,0.093879,0.002900,-0.060009,-10.008329,9.264959,-0.331201,0.000000,false,0.000352,0.000304,0.000086,-inf,0.475049,0.000000,0.000000,0.0000000010007423,0.000000,0.000000
0.101175,5,5,15,25.000000,0.009800,0.005512,0.011961,0.004300,0.000012,-0.003539,0.090937,0.002809,-0.081954,-9.457731,8.758172,-0.314759,0.000000,false,0.000352,0.000304,0.000086,-inf,0.425440,0.000000,0.000000,0.0000000010007423,0.000000,0.000000
0.103643,5,5,15,25.000000,0.010021,0.005518,0.011732,0.004521,0.000018,-0.003768,0.088089,0.002720,-0.103215,-8.937672,8.276679,-0.296645,0.000000,false,0.000352,0.000304,0.000086,-inf,0.381780,0.000000,0.000000,0.0000000010007423,0.000000,0.000000
0.106110,5,5,15,25.000000,0.010277,0.005475,0.011673,0.004777,-0.000025,-0.003827,0.109778,-0.026591,0.004620,17.615389,27.866173,-0.682074,0.000000,false,0.000352,0.000304,0.000086,-inf,2.783299,0.000000,0.000000,0.0000000010007423,0.000000,0.000000
0.108578,5,5,15,25.000000,0.010544,0.005410,0.011654,0.005044,-0.000090,-0.003846,0.106341,-0.025761,-0.019355,16.641420,26.326934,-0.646173,0.000000,false,0.000352,0.000304,0.000086,-inf,2.485461,0.000000,0.000000,0.0000000010007423,0.000000,0.000000
0.111046,5,5,15,25.000000,0.010802,0.005348,0.011578,0.005302,-0.000152,-0.003922,0.103009,-0.024952,-0.042573,15.728977,24.880757,-0.610384,0.000000,false,0.000352,0.000304,0.000086,-inf,2.219907,0.000000,0.000000,0.0000000010007423,0.000000,0.000000
0.113513,5,5,15,25.000000,0.011052,0.005287,0.011445,0.005552,-0.000213,-0.004055,0.099783,-0.024172,-0.065072,14.861551,23.511997,-0.577970,0.000000,false,0.000352,0.000304,0.000086,-inf,1.978674,0.000000,0.000000,0.0000000010007423,0.000000,0.000000
0.115981,5,5,15,25.000000,0.011294,0.005228,0.011257,0.005794,-0.000272,-0.004243,0.096656,-0.023413,-0.086856,14.045668,22.220376,-0.545158,0.000000,false,0.000352,0.000304,0.000086,-inf,1.768891,0.000000,0.000000,0.0000000010007423,0.000000,0.000000
0.118449,5,5,15,25.000000,0.011529,0.005171,0.011017,0.006029,-0.000329,-0.004483,0.093627,-0.022680,-0.107963,13.271345,20.994264,-0.514844,0.000000,false,0.000352,0.000304,0.000086,-inf,1.580346,0.000000,0.000000,0.0000000010007423,0.000000,0.000000
0.120916,5,5,15,25.000000,0.011806,0.005061,0.010961,0.006306,-0.000439,-0.004539,0.115876,-0.058404,0.030087,-27.708633,1.892406,5.195636,0.000000,false,0.000352,0.000304,0.000107,-inf,2.052862,0.000000,0.000000,0.0000000010007635,0.000000,0.000000
0.123384,5,5,15,25.000000,0.012090,0.004926,0.011034,0.006590,-0.000574,-0.004466,0.115101,-0.049755,0.038261,-16.750263,2.366713,3.973341,0.000000,false,0.000352,0.000304,0.000107,-inf,0.998761,0.000000,0.000000,0.0000000010007635,0.000000,0.000000
0.125852,5,5,15,25.000000,0.012370,0.004805,0.011100,0.006870,-0.000695,-0.004400,0.111666,-0.048103,0.014270,-15.612525,2.206461,3.720554,0.000000,false,0.000352,0.000304,0.000107,-inf,0.671929,0.000000,0.000000,0.0000000010007635,0.000000,0.000000
0.128319,5,5,15,25.000000,0.012641,0.004688,0.011105,0.007141,-0.000812,-0.004395,0.108164,-0.046599,-0.010004,-14.756973,2.087367,3.518756,0.000000,false,0.000352,0.000304,0.000107,-inf,0.597849,0.000000,0.000000,0.0000000010007635,0.000000,0.000000
0.130787,5,5,15,25.000000,0.012904,0.004575,0.011051,0.007404,-0.000925,-0.004449,0.104778,-0.045139,-0.033516,-13.943368,1.972241,3.322371,0.000000,false,0.000352,0.000304,0.000107,-inf,0.540735,0.000000,0.000000,0.0000000010007635,0.000000,0.000000
0.133255,5,5,15,25.000000,0.013159,0.004465,0.010940,0.007659,-0.001035,-0.004560,0.101496,-0.043724,-0.056295,-13.172954,1.864935,3.142166,0.000000,false,0.000352,0.000304,0.000107,-inf,0.474103,0.000000,0.000000,0.0000000010007635,0.000000,0.000000
0.135722,5,5,15,25.000000,0.013435,0.004391,0.010934,0.007935,-0.001109,-0.004566,0.114420,-0.025496,0.007377,2.955271,16.540018,-2.837088,0.000000,false,0.000352,0.000304,0.000107,-inf,0.743954,0.000000,0.000000,0.0000000010007635,0.000000,0.000000
0.138190,5,5,15,25.000000,0.013713,0.004329,0.010922,0.008213,-0.001171,-0.004578,0.110840,-0.024697,-0.016684,2.794614,15.631735,-2.675693,0.000000,false,0.000352,0.000304,0.000107,-inf,0.663952,0.000000,0.000000,0.0000000010007635,0.000000,0.000000
0.140658,5,5,15,25.000000,0.013982,0.004269,0.010852,0.008482,-0.001231,-0.004648,0.107367,-0.023926,-0.039984,2.638025,14.770699,-2.526459,0.000000,false,0.000352,0.000304,0.000107,-inf,0.595105,0.000000,0.000000,0.0000000010007635,0.000000,0.000000
0.143125,5,5,15,25.000000,0.014243,0.004211,0.010725,0.008743,-0.001289,-0.004775,0.104005,-0.023173,-0.062560,2.495090,13.959507,-2.390094,0.000000,false,0.000352,0.000304,0.000107,-inf,0.522395,0.000000,0.000000,0.0000000010007635,0.000000,0.000000
0.145593,5,5,15,25.000000,0.014495,0.004155,0.010544,0.008995,-0.001345,-0.004956,0.100746,-0.022449,-0.084426,2.358396,13.193663,-2.257839,0.000000,false,0.000352,0.000304,0.000107,-inf,0.474238,0.000000,0.000000,0.0000000010007635,0.000000,0.000000
0.148061,5,5,15,25.000000,0.014740,0.004100,0.010309,0.009240,-0.001400,-0.005191,0.097588,-0.021747,-0.105608,2.228920,12.466594,-2.134477,0.000000,false,0.000352,0.000304,0.000107,-inf,0.420909,0.000000,0.000000,0.0000000010007635,0.000000,0.000000
0.150528,5,5,15,25.000000,0.015009,0.004038,0.010371,0.009509,-0.001462,-0.005129,0.112344,-0.026137,0.064645,12.720814,6.347252,-3.156370,0.000000,false,0.000352,0.000304,0.000118,-inf,0.540175,0.000000,0.000000,0.0000000010007737,0.000000,0.000000
0.152996,5,5,15,25.000000,0.015282,0.003974,0.010498,0.009782,-0.001526,-0.005002,0.108824,-0.025318,0.038793,12.018779,5.997611,-2.980450,0.000000,false,0.000352,0.000304,0.000118,-inf,0.485179,0.000000,0.000000,0.0000000010007737,0.000000,0.000000
0.155464,5,5,15,25.000000,0.015546,0.003913,0.010563,0.010046,-0.001587,-0.004937,0.105415,-0.024525,0.013751,11.359910,5.668079,-2.816724,0.000000,false,0.000352,0.000304,0.000118,-inf,0.429707,0.000000,0.000000,0.0000000010007737,0.000000,0.000000
0.157932,5,5,15,25.000000,0.015802,0.003853,0.010567,0.010302,-0.001647,-0.004933,0.102113,-0.023757,-0.010508,10.732809,5.355841,-2.662265,0.000000,false,0.000352,0.000304,0.000118,-inf,0.386913,0.000000,0.000000,0.0000000010007737,0.000000,0.000000
0.160399,5,5,15,25.000000,0.016050,0.003796,0.010512,0.010550,-0.001704,-0.004988,0.098913,-0.023012,-0.034005,10.142565,5.061113,-2.515438,0.000000,false,0.000352,0.000304,0.000118,-inf,0.345566,0.000000,0.000000,0.0000000010007737,0.000000,0.000000
0.162867,5,5,15,25.000000,0.016291,0.003740,0.010399,0.010791,-0.001760,-0.005101,0.095814,-0.022291,-0.056767,9.586397,4.782378,-2.377774,0.000000,false,0.000352,0.000304,0.000118,-inf,0.306268,0.000000,0.000000,0.0000000010007737,0.000000,0.000000
0.165335,5,5,15,25.000000,0.016523,0.003686,0.010232,0.011023,-0.001814,-0.005268,0.092811,-0.021592,-0.078817,9.057592,4.519182,-2.247158,0.000000,false,0.000352,0.000304,0.000118,-inf,0.274918,0.000000,0.000000,0.0000000010007737,0.000000,0.000000
0.167802,5,5,15,25.000000,0.016749,0.003633,0.010011,0.011249,-0.001867,-0.005489,0.089904,-0.020917,-0.100174,8.559775,4.271462,-2.122265,0.000000,false,0.000352,0.000304,0.000118,-inf,0.246276,0.000000,0.000000,0.0000000010007737,0.000000,0.000000
0.170270,5,5,15,25.000000,0.016967,0.003582,0.009738,0.011467,-0.001918,-0.005762,0.087090,-0.020261,-0.120862,8.088643,4.035908,-2.005905,0.000000,false,0.000352,0.000304,0.000118,-inf,0.219863,0.000000,0.000000,0.0000000010007737,0.000000,0.000000
0.172738,5,5,15,25.000000,0.017179,0.003533,0.009415,0.011679,-0.001967,-0.006085,0.084358,-0.019625,-0.140903,7.644008,3.815148,-1.895977,0.000000,false,0.000352,0.000304,0.000118,-inf,0.197888,0.000000,0.000000,0.0000000010007737,0.000000,0.000000
0.175205,5,5,15,25.000000,0.017389,0.003491,0.009080,0.011889,-0.002009,-0.006420,0.108908,0.006883,0.008560,-2.344812,7.810777,-0.892072,0.000000,false,0.000352,0.000304,0.000144,-inf,-595.078421,0.000000,0.000000,0.0000000010008000,0.000000,0.000000
0.177673,5,5,15,25.000000,0.017698,0.003546,0.009314,0.012198,-0.001954,-0.006186,0.124330,0.022750,0.088001,-7.873072,8.806818,-0.038580,0.000000,false,0.000352,0.000304,0.000144,-inf,0.355517,0.000000,0.000000,0.0000000010008000,0.000000,0.000000
0.180141,5,5,15,25.000000,0.018000,0.003601,0.009498,0.012500,-0.001899,-0.006002,0.120432,0.022038,0.061416,-7.440006,8.324005,-0.036490,0.000000,false,0.000352,0.000304,0.000144,-inf,0.320315,0.000000,0.000000,0.0000000010008000,0.000000,0.000000
0.182608,5,5,15,25.000000,0.018292,0.003654,0.009618,0.012792,-0.001846,-0.005882,0.116661,0.021347,0.035665,-7.029895,7.863517,-0.034087,0.000000,false,0.000352,0.000304,0.000144,-inf,0.285949,0.000000,0.000000,0.0000000010008000,0.000000,0.000000
0.185076,5,5,15,25.000000,0.018576,0.003706,0.009675,0.013076,-0.001794,-0.005825,0.113005,0.020677,0.010721,-6.643758,7.432343,-0.033223,0.000000,false,0.000352,0.000304,0.000144,-inf,0.252533,0.000000,0.000000,0.0000000010008000,0.000000,0.000000
0.187544,5,5,15,25.000000,0.018850,0.003757,0.009671,0.013350,-0.001743,-0.005829,0.109466,0.020029,-0.013442,-6.277947,7.022985,-0.030583,0.000000,false,0.000352,0.000304,0.000144,-inf,0.227405,0.000000,0.000000,0.0000000010008000,0.000000,0.000000
0.190011,5,5,15,25.000000,0.019116,0.003805,0.009609,0.013616,-0.001695,-0.005891,0.106036,0.019401,-0.036847,-5.932778,6.636367,-0.029445,0.000000,false,0.000352,0.000304,0.000144,-inf,0.203531,0.000000,0.000000,0.0000000010008000,0.000000,0.000000
0.192479,5,5,15,25.000000,0.019374,0.003852,0.009490,0.013874,-0.001648,-0.006010,0.102714,0.018794,-0.059522,-5.606662,6.271956,-0.028282,0.000000,false,0.000352,0.000304,0.000144,-inf,0.182514,0.000000,0.000000,0.0000000010008000,0.000000,0.000000
0.194947,5,5,15,25.000000,0.019623,0.003898,0.009316,0.014123,-0.001602,-0.006184,0.099494,0.018205,-0.081483,-5.297864,5.926333,-0.026288,0.000000,false,0.000352,0.000304,0.000144,-inf,0.160816,0.000000,0.000000,0.0000000010008000,0.000000,0.000000
0.197414,5,5,15,25.000000,0.019865,0.003942,0.009089,0.014365,-0.001558,-0.006411,0.096379,0.017637,-0.102756,-5.005958,5.600800,-0.024502,0.000000,false,0.000352,0.000304,0.000144,-inf,0.146310,0.000000,0.000000,0.0000000010008000,0.000000,0.000000
0.199882,5,5,15,25.000000,0.020099,0.003985,0.008809,0.014599,-0.001515,-0.006691,0.093359,0.017084,-0.123365,-4.731302,5.291687,-0.022425,0.000000,false,0.000352,0.000304,0.000144,-inf,0.127750,0.000000,0.000000,0.0000000010008000,0.000000,0.000000
0.202350,5,5,15,25.000000,0.020325,0.004026,0.008480,0.014825,-0.001474,-0.007020,0.090434,0.016548,-0.143326,-4.470193,5.001414,-0.022044,0.000000,false,0.000352,0.000304,0.000144,-inf,0.115542,0.000000,0.000000,0.0000000010008000,0.000000,0.000000
0.204817,5,5,15,25.000000,0.020545,0.004067,0.008102,0.015045,-0.001433,-0.007398,0.087600,0.016029,-0.162665,-4.224729,4.726193,-0.020596,0.000000,false,0.000352,0.000304,0.000144,-inf,0.101547,0.000000,0.000000,0.0000000010008000,0.000000,0.000000
0.207285,5,5,15,25.000000,0.020758,0.004163,0.007992,0.015258,-0.001337,-0.007508,0.085298,0.051893,0.017747,47.933540,43.698208,-8.636679,0.000000,false,0.000352,0.000304,0.000144,-inf,10.965227,0.000000,0.000000,0.0000000010008000,0.000000,0.000000
0.209753,5,5,15,25.000000,0.020965,0.004289,0.008006,0.015465,-0.001211,-0.007494,0.082625,0.050267,-0.006637,45.296453,41.294018,-8.161522,0.000000,false,0.000352,0.000304,0.000144,-inf,9.791135,0.000000,0.000000,0.0000000010008000,0.000000,0.000000
0.212220,5,5,15,25.000000,0.021166,0.004411,0.007962,0.015666,-0.001089,-0.007538,0.079327,0.051415,-0.019974,41.361785,40.957136,-8.326645,0.000000,false,0.000352,0.000304,0.000144,-inf,-27.482493,0.000000,0.000000,0.0000000010008000,0.000000,0.000000
0.214688,5,5,15,25.000000,0.021345,0.004501,0.008011,0.015845,-0.000999,-0.007489,0.068491,0.028366,0.031683,5.889230,56.579292,-6.409208,0.000000,false,0.000352,0.000304,0.000144,-inf,8.391478,0.000000,0.000000,0.0000000010008000,0.000000,0.000000
0.217156,5,5,15,25.000000,0.021511,0.004570,0.008058,0.016011,-0.000930,-0.007442,0.066346,0.027477,0.006861,5.564517,53.465035,-6.056843,0.000000,false,0.000352,0.000304,0.000144,-inf,7.493655,0.000000,0.000000,0.0000000010008000,0.000000,0.000000
0.219624,5,5,15,25.000000,0.021693,0.004628,0.008085,0.016193,-0.000872,-0.007415,0.091979,0.014512,0.037251,-6.884681,37.698556,-2.396297,0.000000,false,0.000352,0.000304,0.000144,-inf,3.565751,0.000000,0.000000,0.0000000010008000,0.000000,0.000000
0.222091,5,5,15,25.000000,0.021916,0.004663,0.008146,0.016416,-0.000837,-0.007354,0.089100,0.014030,0.012215,-6.506483,35.622595,-2.266432,0.000000,false,0.000352,0.000304,0.000144,-inf,3.371344,0.000000,0.000000,0.0000000010008000,0.000000,0.000000
0.224559,5,5,15,25.000000,0.022132,0.004697,0.008146,0.016632,-0.000803,-0.007354,0.086310,0.013590,-0.011994,-6.149462,33.666695,-2.142180,0.000000,false,0.000352,0.000304,0.000144,-inf,3.010552,0.000000,0.000000,0.0000000010008000,0.000000,0.000000
0.227027,5,5,15,25.000000,0.022342,0.004730,0.008087,0.016842,-0.000770,-0.007413,0.083602,0.013163,-0.035443,-5.809253,31.815289,-2.023527,0.000000,false,0.000352,0.000304,0.000144,-inf,2.687991,0.000000,0.000000,0.0000000010008000,0.000000,0.000000
0.229494,5,5,15,25.000000,0.022545,0.004762,0.007971,0.017045,-0.000738,-0.007529,0.080984,0.012752,-0.058161,-5.490216,30.059221,-1.912082,0.000000,false,0.000352,0.000304,0.000144,-inf,2.400960,0.000000,0.000000,0.0000000010008000,0.000000,0.000000
0.231962,5,5,15,25.000000,0.022742,0.004793,0.007800,0.017242,-0.000707,-0.007700,0.078447,0.012352,-0.080166,-5.188608,28.409983,-1.807070,0.000000,false,0.000352,0.000304,0.000144,-inf,2.142417,0.000000,0.000000,0.0000000010008000,0.000000,0.000000
0.234430,5,5,15,25.000000,0.022932,0.004823,0.007576,0.017432,-0.000677,-0.007924,0.075990,0.011964,-0.101481,-4.902165,26.844572,-1.707358,0.000000,false,0.000352,0.000304,0.000144,-inf,1.915088,0.000000,0.000000,0.0000000010008000,0.000000,0.000000
0.236897,5,5,15,25.000000,0.023121,0.004850,0.007311,0.017621,-0.000650,-0.008189,0.089476,0.000661,-0.074433,-16.093014,37.746778,5.029554,0.000000,false,0.000352,0.000304,0.000144,-inf,-138.551912,0.000000,0.000000,0.0000000010008000,0.000000,0.000000
0.239365,5,5,15,25.000000,0.023331,0.004841,0.007242,0.017831,-0.000659,-0.008258,0.069121,-0.006088,0.042905,-5.885786,54.518013,9.455808,0.000000,false,0.000352,0.000304,0.000144,-inf,7.788753,0.000000,0.000000,0.0000000010008000,0.000000,0.000000
0.241833,5,5,15,25.000000,0.023499,0.004826,0.007317,0.017999,-0.000674,-0.008183,0.066950,-0.005895,0.017728,-5.561632,51.515479,8.936305,0.000000,false,0.000352,0.000304,0.000144,-inf,7.080319,0.000000,0.000000,0.0000000010008000,0.000000,0.000000
0.244300,5,5,15,25.000000,0.023661,0.004812,0.007330,0.018161,-0.000688,-0.008170,0.064857,-0.005710,-0.006658,-5.256168,48.687540,8.444901,0.000000,false,0.000352,0.000304,0.000144,-inf,6.322698,0.000000,0.000000,0.0000000010008000,0.000000,0.000000
0.246768,5,5,15,25.000000,0.023819,0.004798,0.007285,0.018319,-0.000702,-0.008215,0.062821,-0.005532,-0.030272,-4.966364,46.003074,7.980063,0.000000,false,0.000352,0.000304,0.000144,-inf,5.646144,0.000000,0.000000,0.0000000010008000,0.000000,0.000000
0.249236,5,5,15,25.000000,0.023971,0.004785,0.007182,0.018471,-0.000715,-0.008318,0.060856,-0.005359,-0.053148,-4.693704,43.474734,7.540279,0.000000,false,0.000352,0.000304,0.000144,-inf,5.041985,0.000000,0.000000,0.0000000010008000,0.000000,0.000000
0.251703,5,5,15,25.000000,0.024127,0.004802,0.007114,0.018627,-0.000698,-0.008386,0.064022,0.013972,-0.017849,20.994947,42.405347,4.442292,0.000000,false,0.000352,0.000304,0.000144,-inf,5.783583,0.000000,0.000000,0.0000000010008000,0.000000,0.000000
0.254171,5,5,15,25.000000,0.024283,0.004836,0.007041,0.018783,-0.000664,-0.008459,0.062017,0.013535,-0.041115,19.838762,40.069950,4.198384,0.000000,false,0.000352,0.000304,0.000144,-inf,5.164547,0.000000,0.000000,0.0000000010008000,0.000000,0.000000
0.256639,5,5,15,25.000000,0.024433,0.004869,0.006912,0.018933,-0.000631,-0.008588,0.060071,0.013113,-0.063653,18.746659,37.862990,3.968169,0.000000,false,0.000352,0.000304,0.000144,-inf,4.611920,0.000000,0.000000,0.0000000010008000,0.000000,0.000000
0.259106,5,5,15,25.000000,0.024675,0.004899,0.006835,0.019175,-0.000601,-0.008665,0.113838,0.011665,-0.023361,24.365490,0.304796,-2.796136,0.000000,false,0.000352,0.000304,0.000144,-inf,1.539669,0.000000,0.000000,0.0000000010008000,0.000000,0.000000
0.261574,5,5,15,25.000000,0.024952,0.004927,0.006749,0.019452,-0.000573,-0.008751,0.110269,0.011303,-0.046459,23.026145,0.287225,-2.643578,0.000000,false,0.000352,0.000304,0.000144,-inf,1.375732,0.000000,0.000000,0.0000000010008000,0.000000,0.000000
0.264042,5,5,15,25.000000,0.025220,0.004955,0.006606,0.019720,-0.000545,-0.008894,0.106815,0.010948,-0.068831,21.757023,0.271336,-2.498332,0.000000,false,0.000352,0.000304,0.000144,-inf,1.231818,0.000000,0.000000,0.0000000010008000,0.000000,0.000000
0.266509,5,5,15,25.000000,0.025479,0.004981,0.006410,0.019979,-0.000519,-0.009090,0.104858,0.010878,-0.088067,19.353135,-0.053711,-1.634681,0.000000,false,0.000352,0.000304,0.000144,-inf,-36.068964,0.000000,0.000000,0.0000000010008000,0.000000,0.000000
0.268977,5,5,15,25.000000,0.025797,0.004981,0.006253,0.020297,-0.000519,-0.009247,0.129783,-0.001297,-0.070427,-1.125736,-6.091088,10.776265,0.000000,false,0.000352,0.000304,0.000144,-inf,0.393533,0.000000,0.000000,0.0000000010008000,0.000000,0.000000
0.271445,5,5,15,25.000000,0.026069,0.004945,0.006230,0.020569,-0.000555,-0.009270,0.089842,-0.028442,0.054725,-39.593536,12.256727,4.104275,0.000000,false,0.000352,0.000304,0.000144,-inf,4.463945,0.000000,0.000000,0.0000000010008000,0.000000,0.000000
0.273912,5,5,15,25.000000,0.026287,0.004876,0.006334,0.020787,-0.000624,-0.009166,0.087025,-0.027559,0.029175,-37.412043,11.582200,3.878500,0.000000,false,0.000352,0.000304,0.000144,-inf,3.966805,0.000000,0.000000,0.0000000010008000,0.000000,0.000000
0.276380,5,5,15,25.000000,0.026498,0.004809,0.006375,0.020998,-0.000691,-0.009125,0.084298,-0.026696,0.004434,-35.357089,10.945316,3.664991,0.000000,false,0.000352,0.000304,0.000144,-inf,3.542494,0.000000,0.000000,0.0000000010008000,0.000000,0.000000
0.278848,5,5,15,25.000000,0.026703,0.004744,0.006356,0.021203,-0.000756,-0.009144,0.081657,-0.025857,-0.019533,-33.406833,10.342015,3.463267,0.000000,false,0.000352,0.000304,0.000144,-inf,3.163354,0.000000,0.000000,0.0000000010008000,0.000000,0.000000
0.281316,5,5,15,25.000000,0.026902,0.004684,0.006301,0.021402,-0.000816,-0.009199,0.080127,-0.014403,0.036524,-24.542929,15.265343,2.448726,0.000000,false,0.000352,0.000304,0.000144,-inf,-175.957269,0.000000,0.000000,0.0000000010008000,0.000000,0.000000
0.283783,5,5,15,25.000000,0.027097,0.004653,0.006400,0.021597,-0.000847,-0.009100,0.078117,-0.012341,0.028003,-22.232382,15.398821,2.189050,0.000000,false,0.000352,0.000304,0.000144,-inf,1.884535,0.000000,0.000000,0.0000000010008000,0.000000,0.000000
0.286251,5,5,15,25.000000,0.027287,0.004623,0.006438,0.021787,-0.000877,-0.009062,0.075668,-0.011956,0.003300,-21.010826,14.553058,2.068038,0.000000,false,0.000352,0.000304,0.000144,-inf,1.683955,0.000000,0.000000,0.0000000010008000,0.000000,0.000000
0.288719,5,5,15,25.000000,0.027471,0.004594,0.006417,0.021971,-0.000906,-0.009083,0.073300,-0.011582,-0.020630,-19.855401,13.753116,1.953238,0.000000,false,0.000352,0.000304,0.000144,-inf,1.504407,0.000000,0.000000,0.0000000010008000,0.000000,0.000000
0.291186,5,5,15,25.000000,0.027649,0.004566,0.006337,0.022149,-0.000934,-0.009163,0.071003,-0.011216,-0.043814,-18.760716,12.991813,1.844317,0.000000,false,0.000352,0.000304,0.000144,-inf,1.345847,0.000000,0.000000,0.0000000010008000,0.000000,0.000000
0.293654,5,5,15,25.000000,0.027821,0.004539,0.006201,0.022321,-0.000961,-0.009299,0.068777,-0.010866,-0.066265,-17.729933,12.278225,1.744263,0.000000,false,0.000352,0.000304,0.000144,-inf,1.198900,0.000000,0.000000,0.0000000010008000,0.000000,0.000000
0.296122,5,5,15,25.000000,0.027988,0.004513,0.006011,0.022488,-0.000987,-0.009489,0.066622,-0.010525,-0.088018,-16.751180,11.603268,1.648686,0.000000,false,0.000352,0.000304,0.000144,-inf,1.069562,0.000000,0.000000,0.0000000010008000,0.000000,0.000000
0.298589,5,5,15,25.000000,0.028173,0.004484,0.005825,0.022673,-0.001016,-0.009675,0.093077,-0.014157,-0.036487,-33.438241,10.028462,8.427898,0.000000,false,0.000352,0.000304,0.000144,-inf,2.840319,0.000000,0.000000,0.0000000010008000,0.000000,0.000000
0.301057,5,5,15,25.000000,0.028399,0.004450,0.005706,0.022899,-0.001050,-0.009794,0.090151,-0.013737,-0.059188,-31.600846,9.477548,7.966541,0.000000,false,0.000352,0.000304,0.000144,-inf,2.949300,0.000000,0.000000,0.0000000010008000,0.000000,0.000000
0.303525,5,5,15,25.000000,0.028618,0.004416,0.005533,0.023118,-0.001084,-0.009967,0.087327,-0.013305,-0.081160,-29.863124,8.955214,7.528177,0.000000,false,0.000352,0.000304,0.000144,-inf,2.634526,0.000000,0.000000,0.0000000010008000,0.000000,0.000000
0.305992,5,5,15,25.000000,0.028869,0.004379,0.005491,0.023369,-0.001121,-0.010009,0.106621,-0.015458,-0.000015,-8.356920,35.659921,3.522026,0.000000,false,0.000352,0.000304,0.000144,-inf,3.466814,0.000000,0.000000,0.0000000010008000,0.000000,0.000000
0.308460,5,5,15,25.000000,0.029128,0.004342,0.005461,0.023628,-0.001158,-0.010039,0.103279,-0.014975,-0.023840,-7.895848,33.693453,3.329976,0.000000,false,0.000352,0.000304,0.000144,-inf,3.095749,0.000000,0.000000,0.0000000010008000,0.000000,0.000000
0.310928,5,5,15,25.000000,0.029379,0.004305,0.005374,0.023879,-0.001195,-0.010126,0.100046,-0.014505,-0.046919,-7.462161,31.840219,3.144904,0.000000,false,0.000352,0.000304,0.000144,-inf,2.762467,0.000000,0.000000,0.0000000010008000,0.000000,0.000000
0.313395,5,5,15,25.000000,0.029672,0.004277,0.005405,0.024172,-0.001223,-0.010095,0.122927,-0.010428,0.022301,-0.001754,4.435902,1.988418,0.000000,false,0.000352,0.000304,0.000144,-inf,0.061499,0.000000,0.000000,0.0000000010008000,0.000000,0.000000
0.315863,5,5,15,25.000000,0.029970,0.004252,0.005429,0.024470,-0.001248,-0.010071,0.119076,-0.010101,-0.002224,-0.001562,4.192813,1.879521,0.000000,false,0.000352,0.000304,0.000144,-inf,0.054148,0.000000,0.000000,0.0000000010008000,0.000000,0.000000
0.318331,5,5,15,25.000000,0.030259,0.004227,0.005394,0.024759,-0.001273,-0.010106,0.115344,-0.009785,-0.025982,-0.000964,3.961647,1.775810,0.000000,false,0.000352,0.000304,0.000144,-inf,0.047710,0.000000,0.000000,0.0000000010008000,0.000000,0.000000
0.320798,5,5,15,25.000000,0.030540,0.004204,0.005301,0.025040,-0.001296,-0.010199,0.111732,-0.009478,-0.048997,-0.001137,3.743696,1.678179,0.000000,false,0.000352,0.000304,0.000144,-inf,0.039671,0.000000,0.000000,0.0000000010008000,0.000000,0.000000
0.323266,5,5,15,25.000000,0.030811,0.004181,0.005153,0.025311,-0.001319,-0.010347,0.108230,-0.009181,-0.071287,-0.001123,3.537071,1.585090,0.000000,false,0.000352,0.000304,0.000144,-inf,0.039278,0.000000,0.000000,0.0000000010008000,0.000000,0.000000
0.325734,5,5,15,25.000000,0.031074,0.004158,0.004950,0.025574,-0.001342,-0.010550,0.104841,-0.008893,-0.092882,-0.001056,3.342468,1.498416,0.000000,false,0.000352,0.000304,0.000144,-inf,0.034511,0.000000,0.000000,0.0000000010008000,0.000000,0.000000
0.328201,5,5,15,25.000000,0.031328,0.004137,0.004695,0.025828,-0.001363,-0.010805,0.101554,-0.008614,-0.113797,-0.000906,3.159056,1.416591,0.000000,false,0.000352,0.000304,0.000144,-inf,0.029665,0.000000,0.000000,0.0000000010008000,0.000000,0.000000
0.330669,5,5,15,25.000000,0.031588,0.004115,0.004403,0.026088,-0.001385,-0.011097,0.125161,-0.009539,-0.104831,7.108499,-6.379028,-5.573248,0.000000,false,0.000352,0.000304,0.000144,-inf,-2.706266,0.000000,0.000000,0.0000000010008000,0.000000,0.000000
0.333137,5,5,15,25.000000,0.031920,0.004077,0.004193,0.026420,-0.001423,-0.011307,0.158291,-0.029452,-0.026505,19.173042,11.856645,-6.248314,0.000000,false,0.000352,0.000304,0.000144,-inf,1.159586,0.000000,0.000000,0.0000000010008000,0.000000,0.000000
0.335604,5,5,15,25.000000,0.032304,0.004005,0.004099,0.026804,-0.001495,-0.011401,0.153321,-0.028523,-0.049509,18.118590,11.205086,-5.904823,0.000000,false,0.000352,0.000304,0.000144,-inf,1.251148,0.000000,0.000000,0.0000000010008000,0.000000,0.000000
0.338072,5,5,15,25.000000,0.032677,0.003936,0.003950,0.027177,-0.001564,-0.011550,0.148520,-0.027630,-0.071785,17.121436,10.587431,-5.580987,0.000000,false,0.000352,0.000304,0.000144,-inf,1.118272,0.000000,0.000000,0.0000000010008000,0.000000,0.000000
0.340540,5,5,15,25.000000,0.032978,0.003824,0.003923,0.027478,-0.001676,-0.011577,0.106387,-0.059741,0.039658,13.389195,34.926000,0.012676,0.000000,false,0.000352,0.000304,0.000144,-inf,3.584825,0.000000,0.000000,0.0000000010008000,0.000000,0.000000
0.343008,5,5,15,25.000000,0.033237,0.003679,0.003990,0.027737,-0.001821,-0.011510,0.103055,-0.057868,0.014584,12.653609,33.007198,0.012276,0.000000,false,0.000352,0.000304,0.000144,-inf,3.199853,0.000000,0.000000,0.0000000010008000,0.000000,0.000000
0.345475,5,5,15,25.000000,0.033487,0.003539,0.003996,0.027987,-0.001961,-0.011504,0.099829,-0.056058,-0.009695,11.955761,31.184869,0.010523,0.000000,false,0.000352,0.000304,0.000144,-inf,2.857244,0.000000,0.000000,0.0000000010008000,0.000000,0.000000
0.347943,5,5,15,25.000000,0.033729,0.003403,0.003943,0.028229,-0.002097,-0.011557,0.096703,-0.054302,-0.033218,11.294088,29.467268,0.011187,0.000000,false,0.000352,0.000304,0.000144,-inf,2.550537,0.000000,0.000000,0.0000000010008000,0.000000,0.000000
0.350411,5,5,15,25.000000,0.033964,0.003271,0.003833,0.028464,-0.002229,-0.011667,0.093669,-0.052599,-0.056011,10.678418,27.852620,0.010992,0.000000,false,0.000352,0.000304,0.000144,-inf,2.277844,0.000000,0.000000,0.0000000010008000,0.000000,0.000000
0.352878,5,5,15,25.000000,0.034192,0.003143,0.003667,0.028692,-0.002357,-0.011833,0.090738,-0.050951,-0.078082,10.089380,26.317353,0.010265,0.000000,false,0.000352,0.000304,0.000144,-inf,2.034903,0.000000,0.000000,0.0000000010008000,0.000000,0.000000
0.355346,5,5,15,25.000000,0.034412,0.003019,0.003448,0.028912,-0.002481,-0.012052,0.086817,-0.049282,-0.097162,10.323036,24.521767,0.399522,0.000000,false,0.000352,0.000304,0.000144,-inf,-25.367359,0.000000,0.000000,0.0000000010008000,0.000000,0.000000
0.357814,5,5,15,25.000000,0.034456,0.002865,0.003653,0.028956,-0.002635,-0.011847,0.008139,-0.066426,0.091496,6.447797,11.916485,-0.654088,0.000000,false,0.000352,0.000304,0.000144,-inf,0.468102,0.000000,0.000000,0.0000000010008000,0.000000,0.000000
0.360281,5,5,15,25.000000,0.034475,0.002704,0.003846,0.028975,-0.002796,-0.011654,0.007883,-0.064345,0.064802,6.093567,11.260979,-0.619229,0.000000,false,0.000352,0.000304,0.000144,-inf,0.418016,0.000000,0.000000,0.0000000010008000,0.000000,0.000000
0.362749,5,5,15,25.000000,0.034495,0.002548,0.003973,0.028995,-0.002952,-0.011527,0.007636,-0.062329,0.038945,5.759040,10.642453,-0.584047,0.000000,false,0.000352,0.000304,0.000144,-inf,0.375030,0.000000,0.000000,0.0000000010008000,0.000000,0.000000
0.365217,5,5,15,25.000000,0.034513,0.002396,0.004038,0.029013,-0.003104,-0.011462,0.007399,-0.060376,0.013898,5.441520,10.055960,-0.552922,0.000000,false,0.000352,0.000304,0.000144,-inf,0.331908,0.000000,0.000000,0.0000000010008000,0.000000,0.000000
0.367684,5,5,15,25.000000,0.034531,0.002250,0.004043,0.029031,-0.003250,-0.011457,0.007166,-0.058485,-0.010365,5.143313,9.503843,-0.522568,0.000000,false,0.000352,0.000304,0.000144,-inf,0.299951,0.000000,0.000000,0.0000000010008000,0.000000,0.000000
0.370152,5,5,15,25.000000,0.034549,0.002107,0.003988,0.029049,-0.003393,-0.011512,0.006942,-0.056652,-0.033868,4.859783,8.979606,-0.492815,0.000000,false,0.000352,0.000304,0.000144,-inf,0.266758,0.000000,0.000000,0.0000000010008000,0.000000,0.000000
0.372620,5,5,15,25.000000,0.034565,0.001970,0.003876,0.029065,-0.003530,-0.011624,0.006723,-0.054878,-0.056633,4.592858,8.487110,-0.466780,0.000000,false,0.000352,0.000304,0.000144,-inf,0.237943,0.000000,0.000000,0.0000000010008000,0.000000,0.000000
0.375087,5,5,15,25.000000,0.034582,0.001837,0.003709,0.029082,-0.003663,-0.011791,0.006512,-0.053156,-0.078689,4.340234,8.020357,-0.441044,0.000000,false,0.000352,0.000304,0.000144,-inf,0.212726,0.000000,0.000000,0.0000000010008000,0.000000,0.000000
0.377555,5,5,15,25.000000,0.034557,0.001742,0.003773,0.029057,-0.003758,-0.011727,-0.018588,-0.034926,0.059324,3.303949,0.792567,-2.013844,0.000000,false,0.000352,0.000304,0.000144,-inf,0.040720,0.000000,0.000000,0.0000000010008000,0.000000,0.000000
0.380023,5,5,15,25.000000,0.034511,0.001657,0.003888,0.029011,-0.003843,-0.011612,-0.018005,-0.033831,0.033639,3.127333,0.747376,-1.904112,0.000000,false,0.000352,0.000304,0.000144,-inf,0.037049,0.000000,0.000000,0.0000000010008000,0.000000,0.000000
0.382490,5,5,15,25.000000,0.034468,0.001575,0.003940,0.028968,-0.003925,-0.011560,-0.017441,-0.032773,0.008758,2.954929,0.706376,-1.799842,0.000000,false,0.000352,0.000304,0.000144,-inf,0.029052,0.000000,0.000000,0.0000000010008000,0.000000,0.000000
0.384958,5,5,15,25.000000,0.034425,0.001495,0.003931,0.028925,-0.004005,-0.011569,-0.016896,-0.031745,-0.015345,2.791895,0.667993,-1.701144,0.000000,false,0.000352,0.000304,0.000144,-inf,0.026948,0.000000,0.000000,0.0000000010008000,0.000000,0.000000
0.387426,5,5,15,25.000000,0.034384,0.001418,0.003864,0.028884,-0.004082,-0.011636,-0.016366,-0.030750,-0.038689,2.638896,0.631101,-1.607674,0.000000,false,0.000352,0.000304,0.000144,-inf,0.024080,0.000000,0.000000,0.0000000010008000,0.000000,0.000000
0.389893,5,5,15,25.000000,0.034345,0.001343,0.003741,0.028845,-0.004157,-0.011759,-0.015853,-0.029788,-0.061305,2.493481,0.596423,-1.519339,0.000000,false,0.000352,0.000304,0.000144,-inf,0.022467,0.000000,0.000000,0.0000000010008000,0.000000,0.000000
0.392361,5,5,15,25.000000,0.034289,0.001348,0.003805,0.028789,-0.004152,-0.011695,-0.026152,0.008842,0.039380,-1.801308,-3.310960,-0.613621,0.000000,false,0.000352,0.000304,0.000144,-inf,0.038468,0.000000,0.000000,0.0000000010008000,0.000000,0.000000
0.394829,5,5,15,25.000000,0.034225,0.001369,0.003872,0.028725,-0.004131,-0.011628,-0.025332,0.008566,0.014318,-1.702932,-3.128993,-0.580188,0.000000,false,0.000352,0.000304,0.000144,-inf,0.033999,0.000000,0.000000,0.0000000010008000,0.000000,0.000000
0.397296,5,5,15,25.000000,0.034164,0.001390,0.003877,0.028664,-0.004110,-0.011623,-0.024538,0.008296,-0.009957,-1.608517,-2.956584,-0.547082,0.000000,false,0.000352,0.000304,0.000144,-inf,0.027844,0.000000,0.000000,0.0000000010008000,0.000000,0.000000
0.399764,5,5,15,25.000000,0.034104,0.001410,0.003823,0.028604,-0.004090,-0.011677,-0.023770,0.008037,-0.033473,-1.520227,-2.795102,-0.518316,0.000000,false,0.000352,0.000304,0.000144,-inf,0.029159,0.000000,0.000000,0.0000000010008000,0.000000,0.000000
0.402232,5,5,15,25.000000,0.034046,0.001430,0.003712,0.028546,-0.004070,-0.011788,-0.023024,0.007784,-0.056250,-1.436705,-2.641576,-0.490237,0.000000,false,0.000352,0.000304,0.000144,-inf,0.022251,0.000000,0.000000,0.0000000010008000,0.000000,0.000000
0.404700,5,5,15,25.000000,0.033975,0.001494,0.003710,0.028475,-0.004006,-0.011790,-0.032783,0.034653,0.014995,-7.009873,-6.330303,0.011791,0.000000,false,0.000352,0.000304,0.000144,-inf,0.231988,0.000000,0.000000,0.0000000010008000,0.000000,0.000000
0.407167,5,5,15,25.000000,0.033896,0.001578,0.003717,0.028396,-0.003922,-0.011783,-0.031757,0.033568,-0.009305,-6.624149,-5.980006,0.011362,0.000000,false,0.000352,0.000304,0.000144,-inf,0.205915,0.000000,0.000000,0.0000000010008000,0.000000,0.000000
0.409635,5,5,15,25.000000,0.033818,0.001660,0.003665,0.028318,-0.003840,-0.011835,-0.030762,0.032516,-0.032838,-6.259164,-5.651283,0.010283,0.000000,false,0.000352,0.000304,0.000144,-inf,0.181700,0.000000,0.000000,0.0000000010008000,0.000000,0.000000
0.412103,5,5,15,25.000000,0.033739,0.001734,0.003591,0.028239,-0.003766,-0.011909,-0.049297,0.021100,0.019057,-8.438869,-10.518646,-1.390759,0.000000,false,0.000352,0.000304,0.000144,-inf,10.666155,0.000000,0.000000,0.0000000010008000,0.000000,0.000000
0.414570,5,5,15,25.000000,0.033619,0.001785,0.003606,0.028119,-0.003715,-0.011894,-0.047733,0.020382,-0.005865,-8.041626,-9.910559,-1.337181,0.000000,false,0.000352,0.000304,0.000144,-inf,0.419354,0.000000,0.000000,0.0000000010008000,0.000000,0.000000
0.417038,5,5,15,25.000000,0.033503,0.001834,0.003562,0.028003,-0.003666,-0.011938,-0.046235,0.019743,-0.029507,-7.598521,-9.365413,-1.263635,0.000000,false,0.000352,0.000304,0.000144,-inf,0.375808,0.000000,0.000000,0.0000000010008000,0.000000,0.000000
0.419506,5,5,15,25.000000,0.033389,0.001883,0.003499,0.027889,-0.003617,-0.012001,-0.049007,0.018791,-0.012576,-6.742298,-17.163074,-1.242124,0.000000,false,0.000352,0.000304,0.000144,-inf,0.881237,0.000000,0.000000,0.0000000010008000,0.000000,0.000000
0.421973,5,5,15,25.000000,0.033270,0.001929,0.003439,0.027770,-0.003571,-0.012061,-0.047471,0.018198,-0.036019,-6.371142,-16.219468,-1.175639,0.000000,false,0.000352,0.000304,0.000144,-inf,0.780903,0.000000,0.000000,0.0000000010008000,0.000000,0.000000
0.424441,5,5,15,25.000000,0.033138,0.001935,0.003437,0.027638,-0.003565,-0.012063,-0.057760,-0.007001,0.011935,-0.618326,-14.660135,-0.056974,0.000000,false,0.000352,0.000304,0.000144,-inf,0.552113,0.000000,0.000000,0.0000000010008000,0.000000,0.000000
0.426909,5,5,15,25.000000,0.032997,0.001918,0.003436,0.027497,-0.003582,-0.012064,-0.055951,-0.006780,-0.012270,-0.583973,-13.851026,-0.053898,0.000000,false,0.000352,0.000304,0.000144,-inf,0.490967,0.000000,0.000000,0.0000000010008000,0.000000,0.000000
0.429376,5,5,15,25.000000,0.032952,0.001898,0.003472,0.027452,-0.003602,-0.012028,-0.008928,-0.005240,0.018265,2.790171,-11.006548,11.485564,0.000000,false,0.000352,0.000304,0.000144,-inf,0.668712,0.000000,0.000000,0.0000000010008000,0.000000,0.000000
0.431844,5,5,15,25.000000,0.032931,0.001886,0.003487,0.027431,-0.003614,-0.012013,-0.008650,-0.005077,-0.006135,2.633924,-10.399020,10.851181,0.000000,false,0.000352,0.000304,0.000144,-inf,0.595460,0.000000,0.000000,0.0000000010008000,0.000000,0.000000
0.434312,5,5,15,25.000000,0.032914,0.001868,0.003482,0.027414,-0.003632,-0.012018,-0.004724,-0.009431,-0.002396,7.233657,-6.057530,10.240366,0.000000,false,0.000352,0.000304,0.000144,-inf,0.499259,0.000000,0.000000,0.0000000010008000,0.000000,0.000000
0.436779,5,5,15,25.000000,0.032901,0.001849,0.003487,0.027401,-0.003651,-0.012013,-0.004112,-0.006505,-0.000754,6.893395,1.059337,8.969974,0.000000,false,0.000352,0.000304,0.000144,-inf,0.330474,0.000000,0.000000,0.0000000010008000,0.000000,0.000000
0.439247,5,5,15,25.000000,0.032903,0.001836,0.003484,0.027403,-0.003664,-0.012016,0.005647,-0.003673,0.000231,6.717001,2.299892,8.259314,0.000000,false,0.000352,0.000304,0.000144,-inf,0.303184,0.000000,0.000000,0.0000000010008000,0.000000,0.000000
0.441715,5,5,15,25.000000,0.032922,0.001827,0.003475,0.027422,-0.003673,-0.012025,0.012261,-0.002368,-0.004302,6.076984,3.647977,7.806041,0.000000,false,0.000352,0.000304,0.000144,-inf,0.245388,0.000000,0.000000,0.0000000010008000,0.000000,0.000000
0.444182,5,5,15,25.000000,0.032957,0.001820,0.003458,0.027457,-0.003680,-0.012042,0.016942,-0.002417,-0.007251,4.679267,6.446037,7.647645,0.000000,false,0.000352,0.000304,0.000144,-inf,-16.243030,0.000000,0.000000,0.0000000010008000,0.000000,0.000000
0.446650,5,5,15,25.000000,0.033005,0.001815,0.003433,0.027505,-0.003685,-0.012067,0.022156,-0.001315,-0.012228,4.135840,8.268907,7.196353,0.000000,false,0.000352,0.000304,0.000144,-inf,-14.020313,0.000000,0.000000,0.0000000010008000,0.000000,0.000000
0.449118,5,5,15,25.000000,0.033054,0.001814,0.003427,0.027554,-0.003686,-0.012073,0.019711,0.000096,-0.011520,-1.807931,9.804242,5.791328,0.000000,false,0.000352,0.000304,0.000144,-inf,0.342279,0.000000,0.000000,0.0000000010008000,0.000000,0.000000
0.451585,5,5,15,25.000000,0.033104,0.001835,0.003416,0.027604,-0.003665,-0.012084,0.020477,0.010147,-0.012052,-2.960266,8.825762,5.745001,0.000000,false,0.000352,0.000304,0.000144,-inf,0.305566,0.000000,0.000000,0.0000000010008000,0.000000,0.000000
0.454053,5,5,15,25.000000,0.033151,0.001871,0.003400,0.027651,-0.003629,-0.012100,0.011186,0.019947,0.010371,-8.917120,5.533737,4.249760,0.000000,false,0.000352,0.000304,0.000144,-inf,-12.653322,0.000000,0.000000,0.0000000010008000,0.000000,0.000000
0.456521,5,5,15,25.000000,0.033178,0.001920,0.003396,0.027678,-0.003580,-0.012104,0.010689,0.019411,-0.013657,-8.369121,5.234631,4.042742,0.000000,false,0.000352,0.000304,0.000144,-inf,0.290969,0.000000,0.000000,0.0000000010008000,0.000000,0.000000
0.458988,5,5,15,25.000000,0.033186,0.001978,0.003391,0.027686,-0.003522,-0.012109,-0.004105,0.020368,0.011853,-9.393493,-1.480358,2.921267,0.000000,false,0.000352,0.000304,0.000144,-inf,7.170831,0.000000,0.000000,0.0000000010008000,0.000000,0.000000
0.461456,5,5,15,25.000000,0.033176,0.002028,0.003393,0.027676,-0.003472,-0.012107,-0.006310,0.020452,-0.000711,-7.530901,-3.561787,3.152616,0.000000,false,0.000352,0.000304,0.000144,-inf,-57.471487,0.000000,0.000000,0.0000000010008000,0.000000,0.000000
0.463924,5,5,15,25.000000,0.033151,0.002066,0.003407,0.027651,-0.003434,-0.012093,-0.009955,0.011742,0.007982,-3.391174,-3.797414,1.917289,0.000000,false,0.000352,0.000304,0.000144,-inf,0.088009,0.000000,0.000000,0.0000000010008000,0.000000,0.000000
0.466392,5,5,15,25.000000,0.033127,0.002086,0.003416,0.027627,-0.003414,-0.012084,-0.010115,0.002517,0.004688,-1.785323,-3.303894,1.965656,0.000000,false,0.000352,0.000304,0.000144,-inf,0.020705,0.000000,0.000000,0.0000000010008000,0.000000,0.000000
0.468859,5,5,15,25.000000,0.033104,0.002088,0.003416,0.027604,-0.003412,-0.012084,-0.008400,-0.001761,-0.003091,0.925361,-3.972529,1.411498,0.000000,false,0.000352,0.000304,0.000144,-inf,-10.037330,0.000000,0.000000,0.0000000010008000,0.000000,0.000000
0.471327,5,5,15,25.000000,0.033083,0.002073,0.003408,0.027583,-0.003427,-0.012092,-0.008500,-0.009483,-0.005180,3.162149,-3.703681,1.389064,0.000000,false,0.000352,0.000304,0.000144,-inf,-1.663173,0.000000,0.000000,0.0000000010008000,0.000000,0.000000
0.473795,5,5,15,25.000000,0.033062,0.002042,0.003391,0.027562,-0.003458,-0.012109,-0.006687,-0.015640,-0.002277,6.806124,-2.133667,0.830310,0.000000,false,0.000352,0.000304,0.000144,-inf,-35.519224,0.000000,0.000000,0.0000000010008000,0.000000,0.000000
0.476262,5,5,15,25.000000,0.033056,0.001996,0.003379,0.027556,-0.003504,-0.012121,0.000337,-0.020298,-0.008705,7.308637,-0.471386,0.893642,0.000000,false,0.000352,0.000304,0.000144,-inf,-0.413958,0.000000,0.000000,0.0000000010008000,0.000000,0.000000
0.478730,5,5,15,25.000000,0.033064,0.001941,0.003353,0.027564,-0.003559,-0.012147,0.006881,-0.024052,-0.012444,8.687018,2.017377,0.804733,0.000000,false,0.000352,0.000304,0.000144,-inf,-8.347537,0.000000,0.000000,0.0000000010008000,0.000000,0.000000
0.481198,5,5,15,25.000000,0.033099,0.001895,0.003359,0.027599,-0.003605,-0.012141,0.015985,-0.009852,0.016196,4.031111,4.391081,0.250897,0.000000,false,0.000352,0.000304,0.000144,-inf,7.886151,0.000000,0.000000,0.0000000010008000,0.000000,0.000000
0.483665,5,5,15,25.000000,0.033137,0.001871,0.003372,0.027637,-0.003629,-0.012128,0.013045,-0.006531,0.005147,1.285094,5.544104,-0.533059,0.000000,false,0.000352,0.000304,0.000144,-inf,-56.261507,0.000000,0.000000,0.0000000010008000,0.000000,0.000000
0.486133,5,5,15,25.000000,0.033167,0.001869,0.003387,0.027667,-0.003631,-0.012113,0.009214,0.000988,0.001351,0.243690,2.941709,-0.146493,0.000000,false,0.000352,0.000304,0.000144,-inf,-7.462867,0.000000,0.000000,0.0000000010008000,0.000000,0.000000
0.488601,5,5,15,25.000000,0.033179,0.001878,0.003391,0.027679,-0.003622,-0.012109,0.001766,0.005337,-0.001498,-1.750378,0.392664,-0.309463,0.000000,false,0.000352,0.000304,0.000144,-inf,-2.327657,0.000000,0.000000,0.0000000010008000,0.000000,0.000000
0.491068,5,5,15,25.000000,0.033175,0.001896,0.003381,0.027675,-0.003604,-0.012119,-0.005008,0.009899,-0.005757,-3.216938,-1.805907,-0.303029,0.000000,false,0.000352,0.000304,0.000144,-inf,-6.220240,0.000000,0.000000,0.0000000010008000,0.000000,0.000000
0.493536,5,5,15,25.000000,0.033156,0.001925,0.003359,0.027656,-0.003575,-0.012141,-0.011005,0.013947,-0.011013,-4.668028,-3.919799,-0.306583,0.000000,false,0.000352,0.000304,0.000144,-inf,-10.144305,0.000000,0.000000,0.0000000010008000,0.000000,0.000000
0.496004,5,5,15,25.000000,0.033122,0.001963,0.003329,0.027622,-0.003537,-0.012171,-0.016159,0.007423,0.015830,-2.903721,-5.069292,-0.105952,0.000000,false,0.000352,0.000304,0.000144,-inf,-128.841819,0.000000,0.000000,0.0000000010008000,0.000000,0.000000
0.498471,5,5,15,25.000000,0.033089,0.001972,0.003360,0.027589,-0.003528,-0.012140,-0.013061,0.003654,0.000718,-2.412181,-4.250249,-0.160782,0.000000,false,0.000352,0.000304,0.000144,-inf,0.061215,0.000000,0.000000,0.0000000010008000,0.000000,0.000000
0.500939,5,5,15,25.000000,0.033072,0.001972,0.003371,0.027572,-0.003528,-0.012129,-0.004068,-0.002296,-0.001309,-0.632548,-2.110370,-0.290915,0.000000,false,0.000352,0.000304,0.000144,-inf,0.012619,0.000000,0.000000,0.0000000010008000,0.000000,0.000000
0.503407,5,5,15,25.000000,0.033069,0.001962,0.003367,0.027569,-0.003538,-0.012133,0.003481,-0.007230,-0.001539,1.917847,1.031545,-0.426254,0.000000,false,0.000352,0.000304,0.000144,-inf,-12.035083,0.000000,0.000000,0.0000000010008000,0.000000,0.000000
0.505874,5,5,15,25.000000,0.033083,0.001941,0.003351,0.027583,-0.003559,-0.012149,0.008418,-0.010649,-0.008869,3.538054,3.191940,-0.439933,0.000000,false,0.000352,0.000304,0.000144,-inf,-16.180218,0.000000,0.000000,0.0000000010008000,0.000000,0.000000
0.508342,5,5,15,25.000000,0.033116,0.001918,0.003338,0.027616,-0.003582,-0.012162,0.017168,-0.003421,0.005824,0.829110,5.519342,-0.637229,0.000000,false,0.000352,0.000304,0.000144,-inf,-50.133553,0.000000,0.000000,0.0000000010008000,0.000000,0.000000
0.510810,5,5,15,25.000000,0.033151,0.001922,0.003353,0.027651,-0.003578,-0.012147,0.009101,0.005352,0.005705,-0.369039,3.343429,-0.530404,0.000000,false,0.000352,0.000304,0.000144,-inf,0.048582,0.000000,0.000000,0.0000000010008000,0.000000,0.000000
0.513277,5,5,15,25.000000,0.033168,0.001938,0.003355,0.027668,-0.003562,-0.012145,0.004430,0.007440,-0.003026,-2.592642,0.911254,-0.813095,0.000000,false,0.000352,0.000304,0.000144,-inf,-12.596410,0.000000,0.000000,0.0000000010008000,0.000000,0.000000
0.515745,5,5,15,25.000000,0.033165,0.001960,0.003353,0.027665,-0.003540,-0.012147,-0.005662,0.007506,-0.001475,-3.126934,-1.446112,-0.918205,0.000000,false,0.000352,0.000304,0.000144,-inf,0.050555,0.000000,0.000000,0.0000000010008000,0.000000,0.000000
0.518213,5,5,15,25.000000,0.033144,0.001978,0.003343,0.027644,-0.003522,-0.012157,-0.012173,0.005110,-0.003154,-1.610915,-4.259558,-0.784015,0.000000,false,0.000352,0.000304,0.000144,-inf,-35.910620,0.000000,0.000000,0.0000000010008000,0.000000,0.000000
0.520681,5,5,15,25.000000,0.033112,0.001976,0.003343,0.027612,-0.003524,-0.012157,-0.011802,-0.004717,0.000455,1.680064,-3.756516,-0.759619,0.000000,false,0.000352,0.000304,0.000144,-inf,-21.476322,0.000000,0.000000,0.0000000010008000,0.000000,0.000000
0.523148,5,5,15,25.000000,0.033095,0.001955,0.003346,0.027595,-0.003545,-0.012154,-0.003814,-0.010566,-0.001978,3.254783,-1.158575,-0.652209,0.000000,false,0.000352,0.000304,0.000144,-inf,0.193841,0.000000,0.000000,0.0000000010008000,0.000000,0.000000
0.525616,5,5,15,25.000000,0.033098,0.001930,0.003344,0.027598,-0.003570,-0.012156,0.004556,-0.010078,-0.001405,2.584041,1.973533,-0.487644,0.000000,false,0.000352,0.000304,0.000144,-inf,-24.755620,0.000000,0.000000,0.0000000010008000,0.000000,0.000000
0.528084,5,5,15,25.000000,0.033117,0.001917,0.003347,0.027617,-0.003583,-0.012153,0.008468,-0.001002,-0.001063,1.076339,2.237239,-0.427431,0.000000,false,0.000352,0.000304,0.000144,-inf,0.022342,0.000000,0.000000,0.0000000010008000,0.000000,0.000000
0.530551,5,5,15,25.000000,0.033137,0.001923,0.003343,0.027637,-0.003577,-0.012157,0.006610,0.007223,0.000252,-2.357154,1.985169,-0.608867,0.000000,false,0.000352,0.000304,0.000144,-inf,-20.570437,0.000000,0.000000,0.0000000010008000,0.000000,0.000000
0.533019,5,5,15,25.000000,0.033144,0.001947,0.003338,0.027644,-0.003553,-0.012162,0.000404,0.011597,-0.006191,-3.768468,-0.154885,-0.577768,0.000000,false,0.000352,0.000304,0.000144,-inf,-11.374691,0.000000,0.000000,0.0000000010008000,0.000000,0.000000
0.535487,5,5,15,25.000000,0.033130,0.001969,0.003341,0.027630,-0.003531,-0.012159,-0.007683,0.002112,0.005607,-2.160663,-1.650954,-0.518542,0.000000,false,0.000352,0.000304,0.000144,-inf,0.417674,0.000000,0.000000,0.0000000010008000,0.000000,0.000000
0.537954,5,5,15,25.000000,0.033113,0.001971,0.003343,0.027613,-0.003529,-0.012157,-0.004821,-0.003989,0.001776,0.770166,-1.536799,-0.437276,0.000000,false,0.000352,0.000304,0.000144,-inf,-21.938990,0.000000,0.000000,0.0000000010008000,0.000000,0.000000
0.540422,5,5,15,25.000000,0.033109,0.001956,0.003339,0.027609,-0.003544,-0.012161,0.000953,-0.007737,-0.005354,2.512010,0.607667,-0.533610,0.000000,false,0.000352,0.000304,0.000144,-inf,-13.186520,0.000000,0.000000,0.0000000010008000,0.000000,0.000000
0.542890,5,5,15,25.000000,0.033123,0.001935,0.003333,0.027623,-0.003565,-0.012167,0.010141,-0.005072,0.004106,1.738481,3.025138,-0.556934,0.000000,false,0.000352,0.000304,0.000144,-inf,-6.129125,0.000000,0.000000,0.0000000010008000,0.000000,0.000000
0.545357,5,5,15,25.000000,0.033137,0.001932,0.003343,0.027637,-0.003568,-0.012157,0.002436,0.000950,0.001311,-0.110584,0.525872,-0.523059,0.000000,false,0.000352,0.000304,0.000144,-inf,-0.075825,0.000000,0.000000,0.0000000010008000,0.000000,0.000000
0.547825,5,5,15,25.000000,0.033135,0.001940,0.003338,0.027635,-0.003560,-0.012162,-0.004206,0.005969,-0.003679,-1.789854,-1.655591,-0.504603,0.000000,false,0.000352,0.000304,0.000144,-inf,-7.478143,0.000000,0.000000,0.0000000010008000,0.000000,0.000000
0.550293,5,5,15,25.000000,0.033119,0.001953,0.003334,0.027619,-0.003547,-0.012166,-0.007220,0.001261,0.005893,-0.892456,-2.615585,-0.549207,0.000000,false,0.000352,0.000304,0.000144,-inf,0.097860,0.000000,0.000000,0.0000000010008000,0.000000,0.000000
0.552760,5,5,15,25.000000,0.033107,0.001951,0.003339,0.027607,-0.003549,-0.012161,-0.000720,-0.003735,0.000348,0.832376,-0.292648,-0.504682,0.000000,false,0.000352,0.000304,0.000144,-inf,-14.262344,0.000000,0.000000,0.0000000010008000,0.000000,0.000000
0.555228,5,5,15,25.000000,0.033113,0.001940,0.003334,0.027613,-0.003560,-0.012166,0.006274,-0.004695,-0.003494,1.411440,2.137768,-0.388446,0.000000,false,0.000352,0.000304,0.000144,-inf,-11.918537,0.000000,0.000000,0.0000000010008000,0.000000,0.000000
0.557696,5,5,15,25.000000,0.033132,0.001939,0.003335,0.027632,-0.003561,-0.012165,0.004036,0.004687,0.003309,-1.015598,1.610887,-0.471797,0.000000,false,0.000352,0.000304,0.000144,-inf,1.174450,0.000000,0.000000,0.0000000010008000,0.000000,0.000000
0.560163,5,5,15,25.000000,0.033135,0.001953,0.003335,0.027635,-0.003547,-0.012165,-0.002857,0.005604,-0.000941,-1.582855,-0.938673,-0.575903,0.000000,false,0.000352,0.000304,0.000144,-inf,-8.270422,0.000000,0.000000,0.0000000010008000,0.000000,0.000000
0.562631,5,5,15,25.000000,0.033121,0.001959,0.003334,0.027621,-0.003541,-0.012166,-0.006198,-0.001121,-0.001753,0.534123,-2.001407,-0.591636,0.000000,false,0.000352,0.000304,0.000144,-inf,-18.680451,0.000000,0.000000,0.0000000010008000,0.000000,0.000000
0.565099,5,5,15,25.000000,0.033113,0.001946,0.003332,0.027613,-0.003554,-0.012168,0.000817,-0.007634,-0.001273,2.182692,0.391236,-0.410039,0.000000,false,0.000352,0.000304,0.000144,-inf,-19.948104,0.000000,0.000000,0.0000000010008000,0.000000,0.000000
0.567566,5,5,15,25.000000,0.033124,0.001936,0.003334,0.027624,-0.003564,-0.012166,0.004662,-0.000973,-0.001945,0.131235,1.520347,-0.498537,0.000000,false,0.000352,0.000304,0.000144,-inf,-8.825583,0.000000,0.000000,0.0000000010008000,0.000000,0.000000
0.570034,5,5,15,25.000000,0.033130,0.001945,0.003333,0.027630,-0.003555,-0.012167,-0.000692,0.006031,-0.003431,-2.027827,-0.307505,-0.454658,0.000000,false,0.000352,0.000304,0.000144,-inf,-5.172596,0.000000,0.000000,0.0000000010008000,0.000000,0.000000
0.572502,5,5,15,25.000000,0.033119,0.001955,0.003334,0.027619,-0.003545,-0.012166,-0.003721,-0.000079,0.002970,-0.392284,-1.158134,-0.440914,0.000000,false,0.000352,0.000304,0.000144,-inf,-12.835704,0.000000,0.000000,0.0000000010008000,0.000000,0.000000
0.574969,5,5,15,25.000000,0.033117,0.001950,0.003332,0.027617,-0.003550,-0.012168,0.002270,-0.004629,-0.003386,1.362944,1.011821,-0.449687,0.000000,false,0.000352,0.000304,0.000144,-inf,-12.587119,0.000000,0.000000,0.0000000010008000,0.000000,0.000000
0.577437,5,5,15,25.000000,0.033128,0.001942,0.003333,0.027628,-0.003558,-0.012167,0.003283,0.000050,0.001449,0.043597,0.818631,-0.345327,0.000000,false,0.000352,0.000304,0.000144,-inf,-19.430114,0.000000,0.000000,0.0000000010008000,0.000000,0.000000
0.579905,5,5,15,25.000000,0.033127,0.001949,0.003330,0.027627,-0.003551,-0.012170,-0.004267,0.004180,-0.002110,-1.040695,-1.401137,-0.153657,0.000000,false,0.000352,0.000304,0.000144,-inf,-21.531100,0.000000,0.000000,0.0000000010008000,0.000000,0.000000
0.582373,5,5,15,25.000000,0.033116,0.001949,0.003332,0.027616,-0.003551,-0.012168,-0.001802,-0.003451,-0.000173,0.998002,-0.441940,-0.302242,0.000000,false,0.000352,0.000304,0.000144,-inf,-14.498936,0.000000,0.000000,0.0000000010008000,0.000000,0.000000
0.584840,5,5,15,25.000000,0.033121,0.001942,0.003331,0.027621,-0.003558,-0.012169,0.005108,0.000483,0.000864,-0.123028,1.475600,-0.252430,0.000000,false,0.000352,0.000304,0.000144,-inf,-12.411780,0.000000,0.000000,0.0000000010008000,0.000000,0.000000
0.587308,5,5,15,25.000000,0.033126,0.001950,0.003331,0.027626,-0.003550,-0.012169,-0.002958,0.003391,0.001202,-1.444465,-0.837404,-0.270418,0.000000,false,0.000352,0.000304,0.000144,-inf,-10.088463,0.000000,0.000000,0.0000000010008000,0.000000,0.000000
0.589776,5,5,15,25.000000,0.033119,0.001949,0.003331,0.027619,-0.003551,-0.012169,-0.000333,-0.003783,-0.000231,1.172809,-0.248666,-0.206201,0.000000,false,0.000352,0.000304,0.000144,-inf,-2.799352,0.000000,0.000000,0.0000000010008000,0.000000,0.000000
0.592243,5,5,15,25.000000,0.033125,0.001943,0.003331,0.027625,-0.003557,-0.012169,0.002136,0.000285,0.000572,-0.107820,0.639635,-0.155078,0.000000,false,0.000352,0.000304,0.000144,-inf,-7.725320,0.000000,0.000000,0.0000000010008000,0.000000,0.000000
0.594711,5,5,15,25.000000,0.033121,0.001949,0.003329,0.027621,-0.003551,-0.012171,-0.003997,0.000896,0.003310,-0.490718,-1.106867,-0.153304,0.000000,false,0.000352,0.000304,0.000144,-inf,-18.221886,0.000000,0.000000,0.0000000010008000,0.000000,0.000000
0.597179,5,5,15,25.000000,0.033120,0.001946,0.003329,0.027620,-0.003554,-0.012171,0.003226,-0.002908,-0.001042,0.916305,1.024474,-0.145196,0.000000,false,0.000352,0.000304,0.000144,-inf,-13.424173,0.000000,0.000000,0.0000000010008000,0.000000,0.000000
0.599646,5,5,15,25.000000,0.033125,0.001947,0.003330,0.027625,-0.003553,-0.012170,-0.001390,0.002812,-0.000171,-0.845592,-0.330819,-0.169656,0.000000,false,0.000352,0.000304,0.000144,-inf,-9.454018,0.000000,0.000000,0.0000000010008000,0.000000,0.000000
